URL,Version,Status,OIDs,Name,Title,Description,Used
http://hl7.org/fhir/CodeSystem/medication-statement-adherence,5.0.0,active,"2.16.840.1.113883.4.642.4.1981",MedicationStatementAdherenceCodes,MedicationStatement Adherence Codes,"MedicationStatement Adherence Codes","ValueSet/adherence-codes-vs"
http://tecnomod-um.org/CodeSystem/analytics-codes-cs,1.0.0,active,,AnalyticsCodesCS,AnalyticsCodesCs CodeSystem,"Local RESQ stroke registry CodeSystem generated from enum_models.py for system http://tecnomod-um.org/CodeSystem/analytics-codes-cs.","ValueSet/analitics-codes-vs"
http://tecnomod-um.org/CodeSystem/assessment-context-cs,1.0.0,active,,AssessmentContextCS,AssessmentContextCs CodeSystem,"Local RESQ stroke registry CodeSystem generated from enum_models.py for system http://tecnomod-um.org/CodeSystem/assessment-context-cs.","ValueSet/assessment-context-vs"
http://tecnomod-um.org/CodeSystem/brain-imaging-type-cs,1.0.0,active,,BrainImagingTypeCS,BrainImagingTypeCs CodeSystem,"Local RESQ stroke registry CodeSystem generated from enum_models.py for system http://tecnomod-um.org/CodeSystem/brain-imaging-type-cs.","ValueSet/post-recanalization-imaging-vs,ValueSet/imaging-type-vs,ValueSet/post-neurosurgery-imaging-vs"
http://tecnomod-um.org/CodeSystem/carotid-endarterectomy-timing-cs,1.0.0,active,,CarotidEndarterectomyTimingCS,CarotidEndarterectomyTimingCs CodeSystem,"Local RESQ stroke registry CodeSystem generated from enum_models.py for system http://tecnomod-um.org/CodeSystem/carotid-endarterectomy-timing-cs.","ValueSet/carotid-endarterectomy-timing-vs"
http://tecnomod-um.org/CodeSystem/discharge-dept-cs,1.0.0,active,,DischargeDeptCS,DischargeDeptCs CodeSystem,"Local RESQ stroke registry CodeSystem generated from enum_models.py for system http://tecnomod-um.org/CodeSystem/discharge-dept-cs.","ValueSet/discharge-facility-department-vs"
http://tecnomod-um.org/CodeSystem/discharge-medication-cs,1.0.0,active,,DischargeMedicationCS,DischargeMedicationCs CodeSystem,"Local RESQ stroke registry CodeSystem generated from enum_models.py for system http://tecnomod-um.org/CodeSystem/discharge-medication-cs.","ValueSet/discharge-medication-vs"
http://tecnomod-um.org/CodeSystem/functional-score-cs,1.0.0,active,,FunctionalScoreCS,FunctionalScoreCs CodeSystem,"Local RESQ stroke registry CodeSystem generated from enum_models.py for system http://tecnomod-um.org/CodeSystem/functional-score-cs.","ValueSet/functional-score-vs"
http://tecnomod-um.org/CodeSystem/hemorrhagic-stroke-bleeding-reason-cs,1.0.0,active,,HemorrhagicStrokeBleedingReasonCS,HemorrhagicStrokeBleedingReasonCs CodeSystem,"Local RESQ stroke registry CodeSystem generated from enum_models.py for system http://tecnomod-um.org/CodeSystem/hemorrhagic-stroke-bleeding-reason-cs.","ValueSet/bleeding-reason-vs"
http://tecnomod-um.org/CodeSystem/hemorrhagic-transformation-type-cs,1.0.0,active,,HemorrhagicTransformationTypeCS,HemorrhagicTransformationTypeCs CodeSystem,"Local RESQ stroke registry CodeSystem generated from enum_models.py for system http://tecnomod-um.org/CodeSystem/hemorrhagic-transformation-type-cs.","ValueSet/hemorrhagic-transformation-type-vs"
http://tecnomod-um.org/CodeSystem/ich-treatment-cs,1.0.0,active,,IchTreatmentCS,IchTreatmentCs CodeSystem,"Local RESQ stroke registry CodeSystem generated from enum_models.py for system http://tecnomod-um.org/CodeSystem/ich-treatment-cs.","ValueSet/ich-treatment-vs"
http://tecnomod-um.org/CodeSystem/initial-care-intensity-cs,1.0.0,active,,InitialCareIntensityCS,InitialCareIntensityCs CodeSystem,"Local RESQ stroke registry CodeSystem generated from enum_models.py for system http://tecnomod-um.org/CodeSystem/initial-care-intensity-cs.","ValueSet/hospitalized-in-vs"
http://tecnomod-um.org/CodeSystem/insulin-hyperglycemia-time-cs,1.0.0,active,,InsulinHyperglycemiaTimeCS,InsulinHyperglycemiaTimeCs CodeSystem,"Local RESQ stroke registry CodeSystem generated from enum_models.py for system http://tecnomod-um.org/CodeSystem/insulin-hyperglycemia-time-cs.","ValueSet/insulin-on-hyperglycemia-timing-vs"
http://tecnomod-um.org/CodeSystem/location-cs,1.0.0,active,,LocationCS,LocationCs CodeSystem,"Local RESQ stroke registry CodeSystem generated from enum_models.py for system http://tecnomod-um.org/CodeSystem/location-cs.","ValueSet/admission-department-vs,ValueSet/ivt-application-department-vs,ValueSet/first-contact-place-vs,ValueSet/locations-vs"
http://tecnomod-um.org/CodeSystem/management-appointment-cs,1.0.0,active,,ManagementAppointmentCS,ManagementAppointmentCs CodeSystem,"Local RESQ stroke registry CodeSystem generated from enum_models.py for system http://tecnomod-um.org/CodeSystem/management-appointment-cs.","ValueSet/management-appointment-vs"
http://tecnomod-um.org/CodeSystem/medication-cs,1.0.0,active,,MedicationCS,MedicationCs CodeSystem,"Local RESQ stroke registry CodeSystem generated from enum_models.py for system http://tecnomod-um.org/CodeSystem/medication-cs.","ValueSet/anticoagulant-reversal-vs,ValueSet/ivt-drug-vs,ValueSet/medications-vs"
http://tecnomod-um.org/CodeSystem/mrs-score-cs,1.0.0,active,,MrsScoreCS,MrsScoreCs CodeSystem,"Local RESQ stroke registry CodeSystem generated from enum_models.py for system http://tecnomod-um.org/CodeSystem/mrs-score-cs.","ValueSet/mrs-score-vs"
http://tecnomod-um.org/CodeSystem/mtici-code-cs,1.0.0,active,,MticiCodeCS,MticiCodeCs CodeSystem,"Local RESQ stroke registry CodeSystem generated from enum_models.py for system http://tecnomod-um.org/CodeSystem/mtici-code-cs.","ValueSet/specific-finding-vs"
http://tecnomod-um.org/CodeSystem/mtici-score-cs,1.0.0,active,,MticiScoreCS,MticiScoreCs CodeSystem,"Local RESQ stroke registry CodeSystem generated from enum_models.py for system http://tecnomod-um.org/CodeSystem/mtici-score-cs.","ValueSet/mtici-score-vs"
http://tecnomod-um.org/CodeSystem/not-medication-reason-cs,1.0.0,active,,NotMedicationReasonCS,NotMedicationReasonCs CodeSystem,"Local RESQ stroke registry CodeSystem generated from enum_models.py for system http://tecnomod-um.org/CodeSystem/not-medication-reason-cs.","ValueSet/paracetamol-on-fever-vs,ValueSet/not-medication-reason-vs,ValueSet/no-anticoagulant-reason-vs,ValueSet/no-anticoagulant-reversal-reason-vs"
http://tecnomod-um.org/CodeSystem/old-infarct-cs,1.0.0,active,,OldInfarctCS,OldInfarctCs CodeSystem,"Local RESQ stroke registry CodeSystem generated from enum_models.py for system http://tecnomod-um.org/CodeSystem/old-infarct-cs.","ValueSet/specific-finding-vs"
http://tecnomod-um.org/CodeSystem/perfusion-volume-cs,1.0.0,active,,PerfusionVolumeCS,PerfusionVolumeCs CodeSystem,"Local RESQ stroke registry CodeSystem generated from enum_models.py for system http://tecnomod-um.org/CodeSystem/perfusion-volume-cs.","ValueSet/specific-finding-vs"
http://tecnomod-um.org/CodeSystem/procedure-timing-context-cs,1.0.0,active,,ProcedureTimingContextCS,ProcedureTimingContextCs CodeSystem,"Local RESQ stroke registry CodeSystem generated from enum_models.py for system http://tecnomod-um.org/CodeSystem/procedure-timing-context-cs.","ValueSet/post-acute-care-vs,ValueSet/procedure-timing-context-vs,ValueSet/swallowing-screening-timing-vs"
http://tecnomod-um.org/CodeSystem/risk-factor-cs,1.0.0,active,,RiskFactorCS,RiskFactorCs CodeSystem,"Local RESQ stroke registry CodeSystem generated from enum_models.py for system http://tecnomod-um.org/CodeSystem/risk-factor-cs.","ValueSet/risk-factor-vs"
http://tecnomod-um.org/CodeSystem/specific-finding-cs,1.0.0,active,,SpecificFindingCS,SpecificFindingCs CodeSystem,"Local RESQ stroke registry CodeSystem generated from enum_models.py for system http://tecnomod-um.org/CodeSystem/specific-finding-cs.","ValueSet/specific-finding-vs"
http://tecnomod-um.org/CodeSystem/stroke-arrival-mode-cs,1.0.0,active,,StrokeArrivalModeCS,StrokeArrivalModeCs CodeSystem,"Local RESQ stroke registry CodeSystem generated from enum_models.py for system http://tecnomod-um.org/CodeSystem/stroke-arrival-mode-cs.","ValueSet/admission-pathway-vs"
http://tecnomod-um.org/CodeSystem/stroke-circumstance-codes-cs,1.0.0,active,,StrokeCircumstanceCodesCS,StrokeCircumstanceCodesCs CodeSystem,"Local RESQ stroke registry CodeSystem generated from enum_models.py for system http://tecnomod-um.org/CodeSystem/stroke-circumstance-codes-cs.","ValueSet/stroke-circumstance-vs"
http://tecnomod-um.org/CodeSystem/stroke-discharge-destination-cs,1.0.0,active,,StrokeDischargeDestinationCS,StrokeDischargeDestinationCs CodeSystem,"Local RESQ stroke registry CodeSystem generated from enum_models.py for system http://tecnomod-um.org/CodeSystem/stroke-discharge-destination-cs.","ValueSet/discharge-destination-vs,ValueSet/discharge-facility-type-vs"
http://tecnomod-um.org/CodeSystem/stroke-etiology-cs,1.0.0,active,,StrokeEtiologyCS,StrokeEtiologyCs CodeSystem,"Local RESQ stroke registry CodeSystem generated from enum_models.py for system http://tecnomod-um.org/CodeSystem/stroke-etiology-cs.","ValueSet/stroke-etiology-vs"
http://tecnomod-um.org/CodeSystem/stroke-etiology-other-cs,1.0.0,active,,StrokeEtiologyOtherCS,StrokeEtiologyOtherCs CodeSystem,"Local RESQ stroke registry CodeSystem generated from enum_models.py for system http://tecnomod-um.org/CodeSystem/stroke-etiology-other-cs.","ValueSet/stroke-etiology-other-vs"
http://tecnomod-um.org/CodeSystem/stroke-mimics-diagnosis-cs,1.0.0,active,,StrokeMimicsDiagnosisCS,StrokeMimicsDiagnosisCs CodeSystem,"Local RESQ stroke registry CodeSystem generated from enum_models.py for system http://tecnomod-um.org/CodeSystem/stroke-mimics-diagnosis-cs.","ValueSet/mimics-diagnosis-vs"
http://tecnomod-um.org/CodeSystem/stroke-post-stroke-complication-cs,1.0.0,active,,StrokePostStrokeComplicationCS,StrokePostStrokeComplicationCs CodeSystem,"Local RESQ stroke registry CodeSystem generated from enum_models.py for system http://tecnomod-um.org/CodeSystem/stroke-post-stroke-complication-cs.","ValueSet/post-stroke-complications-vs"
http://tecnomod-um.org/CodeSystem/stroke-proc-not-done-reason-cs,1.0.0,active,,StrokeProcNotDoneReasonCS,StrokeProcNotDoneReasonCs CodeSystem,"Local RESQ stroke registry CodeSystem generated from enum_models.py for system http://tecnomod-um.org/CodeSystem/stroke-proc-not-done-reason-cs.","ValueSet/procedure-not-done-reason-vs,ValueSet/no-thrombolysis-reason-vs,ValueSet/no-thrombectomy-reason-vs,ValueSet/no-ich-treatment-reason-vs"
http://tecnomod-um.org/CodeSystem/swallow-procedures-cs,1.0.0,active,,SwallowProceduresCS,SwallowProceduresCs CodeSystem,"Local RESQ stroke registry CodeSystem generated from enum_models.py for system http://tecnomod-um.org/CodeSystem/swallow-procedures-cs.","ValueSet/swallowing-screening-type-vs"
http://tecnomod-um.org/CodeSystem/swallow-screen-time-cs,1.0.0,active,,SwallowScreenTimeCS,SwallowScreenTimeCs CodeSystem,"Local RESQ stroke registry CodeSystem generated from enum_models.py for system http://tecnomod-um.org/CodeSystem/swallow-screen-time-cs.","ValueSet/swallowing-screening-timing-vs"
http://tecnomod-um.org/CodeSystem/symptoms-cs,1.0.0,active,,SymptomsCS,SymptomsCs CodeSystem,"Local RESQ stroke registry CodeSystem generated from enum_models.py for system http://tecnomod-um.org/CodeSystem/symptoms-cs.","ValueSet/tia-clinical-symptoms-vs"
http://tecnomod-um.org/CodeSystem/tenecteplase-brand-cs,1.0.0,active,,TenecteplaseBrandCS,TenecteplaseBrandCs CodeSystem,"Local RESQ stroke registry CodeSystem generated from enum_models.py for system http://tecnomod-um.org/CodeSystem/tenecteplase-brand-cs.","ValueSet/tecnetplase-brand-vs"
http://tecnomod-um.org/CodeSystem/three-month-contact-mode-cs,1.0.0,active,,ThreeMonthContactModeCS,ThreeMonthContactModeCs CodeSystem,"Local RESQ stroke registry CodeSystem generated from enum_models.py for system http://tecnomod-um.org/CodeSystem/three-month-contact-mode-cs.","ValueSet/three-month-contact-mode-vs"
http://tecnomod-um.org/CodeSystem/thrombectomy-complications-cs,1.0.0,active,,ThrombectomyComplicationsCS,ThrombectomyComplicationsCs CodeSystem,"Local RESQ stroke registry CodeSystem generated from enum_models.py for system http://tecnomod-um.org/CodeSystem/thrombectomy-complications-cs.","ValueSet/thrombectomy-complications-vs"
http://tecnomod-um.org/CodeSystem/tia-symptom-duration-cs,1.0.0,active,,TiaSymptomDurationCS,TiaSymptomDurationCs CodeSystem,"Local RESQ stroke registry CodeSystem generated from enum_models.py for system http://tecnomod-um.org/CodeSystem/tia-symptom-duration-cs.","ValueSet/tia-symptom-duration-vs"
http://tecnomod-um.org/CodeSystem/timing-cs,1.0.0,active,,TimingCS,TimingCs CodeSystem,"Local RESQ stroke registry CodeSystem generated from enum_models.py for system http://tecnomod-um.org/CodeSystem/timing-cs.","ValueSet/nimodipinetiming-vs,ValueSet/paracetamol-on-fever-timing-vs"
http://tecnomod-um.org/CodeSystem/timing-metric-codes-cs,1.0.0,active,,TimingMetricCodesCS,TimingMetricCodesCs CodeSystem,"Local RESQ stroke registry CodeSystem generated from enum_models.py for system http://tecnomod-um.org/CodeSystem/timing-metric-codes-cs.","ValueSet/timing-metric-codes-vs,ValueSet/analitics-codes-vs"
http://tecnomod-um.org/CodeSystem/vte-procedures-cs,1.0.0,active,,VteProceduresCS,VteProceduresCs CodeSystem,"Local RESQ stroke registry CodeSystem generated from enum_models.py for system http://tecnomod-um.org/CodeSystem/vte-procedures-cs.","ValueSet/vte-procedures-vs"
http://tecnomod-um.org/CodeSystem/yes-no-not-required-cs,1.0.0,active,,YesNoNotRequiredCS,YesNoNotRequiredCs CodeSystem,"Local RESQ stroke registry CodeSystem generated from enum_models.py for system http://tecnomod-um.org/CodeSystem/yes-no-not-required-cs.","ValueSet/occupational-therapy-vs"
http://terminology.hl7.org/CodeSystem/condition-clinical,3.0.0,active,"2.16.840.1.113883.4.642.1.1074",ConditionClinicalStatusCodes,Condition Clinical Status Codes,"Preferred value set for Condition Clinical Status.","ValueSet/clinical-status-codes-vs"
http://terminology.hl7.org/CodeSystem/condition-ver-status,2.0.1,active,"2.16.840.1.113883.4.642.1.1075",ConditionVerificationStatus,ConditionVerificationStatus,"The verification status to support or decline the clinical status of the condition or diagnosis.","ValueSet/condition-ver-status"
http://terminology.hl7.org/CodeSystem/observation-category,2.0.0,active,"2.16.840.1.113883.4.642.1.1125",ObservationCategoryCodes,Observation Category Codes,"Observation Category codes.","ValueSet/observation-category"
http://terminology.hl7.org/CodeSystem/v3-RoleCode,4.0.0,active,"2.16.840.1.113883.5.111",RoleCode,RoleCode,"A set of codes further specifying the kind of Role; specific classification codes for further qualifying RoleClass codes.","ValueSet/admission-department-vs,ValueSet/ivt-application-department-vs,ValueSet/first-contact-place-vs,ValueSet/locations-vs"
